,name,addr,grade,review
0,삼청동수제비,서울 종로구 삼청로 101-1,2.8,
1,삼청동수제비,서울 종로구 삼청로 101-1,2.8,후기 처음 서비스 태도 최악 요 두 번 다시 별 한 개도 아깝습니다 ㅋㅋ 
2,삼청동수제비,서울 종로구 삼청로 101-1,2.8,왜 줄 서서 
3,청진옥,서울 종로구 종로3길 32,2.9,신선한 천엽 선지 탄력 있고 쫀쫀 식감 선지 완벽하다 내내 주위 말 들 “ 아 맛있다 ” 고추기름 없는 깔끔한 해장국 
4,청진옥,서울 종로구 종로3길 32,2.9,
5,청진옥,서울 종로구 종로3길 32,2.9,맛 하나로 모든 것 용서 집 
6,진옥화할매원조닭한마리 본점,서울 종로구 종로40가길 18,3.4,빨리 야하는 닭 한 마리 공장 맛 좋음 
7,진옥화할매원조닭한마리 본점,서울 종로구 종로40가길 18,3.4,덕분 닭맛 눈 닭 한 마리 싫어하던 사람 이 가게 닭 한 마리 돌이 
8,진옥화할매원조닭한마리 본점,서울 종로구 종로40가길 18,3.4,국물 시원해서 좋습니다 
9,온천집 익선,서울 종로구 돈화문로11나길 31-8 1층,3.5,
10,온천집 익선,서울 종로구 돈화문로11나길 31-8 1층,3.5,손님 테이블 버너 하 대하 것 천천히 말 톤 친절함으로 키크 안경 끼 통통한 남자 분 이 알 응대 좋겠습니다 이 추위 한 시간 1 3만원 짜리 밥 온 손님 서비스 당신 명령 한 거 요 양해 구 죄송하지만 주 실수 있으실까 요 부탁 좋을것 같아요 
11,온천집 익선,서울 종로구 돈화문로11나길 31-8 1층,3.5,홍보 속 가지 1 맛없음 2 시끄러 움 3 환기 안됨 4 테이블 작음 5 불친절 
12,핏제리아오,서울 종로구 동숭길 86 2, 3층,4.6
13,핏제리아오,서울 종로구 동숭길 86 2, 3층,4.6
14,핏제리아오,서울 종로구 동숭길 86 2, 3층,4.6
15,이문설농탕,서울 종로구 우정국로 38-13 1층,3.0,설 멍절 1/24 마지막 날 지인 수육 43 000 수육 냄새 너무 절반 못 저 앞 테이블 계신 단골 4분 손님 수 육 고기 고기 이상한 냄새 항의 이 가게 맛 너무 별 점 못 
16,이문설농탕,서울 종로구 우정국로 38-13 1층,3.0,역사 깊고 맛 얕은 곳 
17,이문설농탕,서울 종로구 우정국로 38-13 1층,3.0,국물 맑거나 혹은 묽다 엣날 설농탕 요즘 설렁탕 좋은 듯 내 조미료 노예 탓 식당 오랜 전통 양념 통과 소금 통 필요 없다 
18,안녕인사동,서울 종로구 인사동길 49,4.2,
19,안녕인사동,서울 종로구 인사동길 49,4.2,
20,안녕인사동,서울 종로구 인사동길 49,4.2,인사동 새로운 랜드마크 건 별로 없다 근데 그건 쌈지 길도 마찬가지 전시회 있을 때 방문 좋고 주말 가끔 버스킹 있다 밥집 많은 편 
21,블루보틀 삼청 카페,서울 종로구 북촌로5길 76 1~3층,3.3,ㅎㅎ 성 수 점 더 친절하고 맛있다는 개인 적 경험 
22,블루보틀 삼청 카페,서울 종로구 북촌로5길 76 1~3층,3.3,친절하시고 역시 블루 보틀 커피 항상 맛있습니다 
23,블루보틀 삼청 카페,서울 종로구 북촌로5길 76 1~3층,3.3,
24,토속촌삼계탕,서울 종로구 자하문로5길 5,3.7,한국 외국인 친구 필수 식당 한 옥 닭 통째 물 걸 발골 엄마 사진 많이 찍 어감 외국인 뿐 아니라 가족 단위 손님 들 많이 보임 든든해서 어줍잖은 파스타 ㅋ 
25,토속촌삼계탕,서울 종로구 자하문로5길 5,3.7,외국인 들 특히 유명한 식당 것 같아요 외국인 친구 저 식사 때 관광객 들 꽤 있더라구요 그 래서 가격 주변 다른 삼계탕 집 비 약간 비쌉니다 3~4000원 정도 삼계탕 자체 맛있어요 같이 인삼 주도 특색 있고 좋아요 다만 해물파전 절대 파도 해물 너무 조금 무엇 반죽 진짜 맛없어요 외국인 친구 별로 한번 쯤 나쁘지 굳이 다시 방문 정도 경쟁력 있는지는 
26,토속촌삼계탕,서울 종로구 자하문로5길 5,3.7,김치 깍 뚜기 너무 말라있어 손 외국인 대상 가게 근처 곳 없어 서비스 마인드 음식 상태 등 별로 입니다 삼계탕 괜찮았어요 
27,광화문미진 본점,서울 종로구 종로 19 르메이에르종로타운 1층 116-2,117호,3.3
28,광화문미진 본점,서울 종로구 종로 19 르메이에르종로타운 1층 116-2,117호,3.3
29,광화문미진 본점,서울 종로구 종로 19 르메이에르종로타운 1층 116-2,117호,3.3
30,황생가칼국수,서울 종로구 북촌로5길 78,3.6,맛 둘째 직원 손님 화 건 무슨 경우 음식 전 기분 좀 별로 네 
31,황생가칼국수,서울 종로구 북촌로5길 78,3.6,여기 만두 제 인생 만두 전 너무 맛있게 꼭 다시 방문 생각 입니다 개인 적 만두국 물만두 훨씬 더 좋았어요 번창 
32,황생가칼국수,서울 종로구 북촌로5길 78,3.6,
33,부촌육회,서울 종로구 종로 200-12,4.4,광장시장 곳 재래시장 풍경 맛 체험 수 있는 공간 호기심 외국인 들 줄 서서 색다른 분위기 등 있어서 좀 더 글로벌 느낌 확실히 있는것 같다 그런 가운데 유사한 육회 집들이 즐비하지만 그래도 오랜 전통 부촌 육회 집 줄 서서 이유 다양한 사람 들 기대하고 보장 맛 있기 때문 것 같다 
34,부촌육회,서울 종로구 종로 200-12,4.4,솔직히 가성 비 그닥 
35,부촌육회,서울 종로구 종로 200-12,4.4,
36,다운타우너 안국,서울 종로구 북촌로 6-4 1층,4.1,이태원 잠실 것 담백함 
37,다운타우너 안국,서울 종로구 북촌로 6-4 1층,4.1,
38,다운타우너 안국,서울 종로구 북촌로 6-4 1층,4.1,배달 로만 열 댓 번 너무 맛있어요 
39,계림 종로본점,서울 종로구 돈화문로4길 39,3.6,
40,계림 종로본점,서울 종로구 돈화문로4길 39,3.6,너 모 너 모 맛 밥 보 포장 양 손 무겁게 ㅎㅎㅎㅎ ˃̵͈̑ᴗ˂̵͈̑ 
41,계림 종로본점,서울 종로구 돈화문로4길 39,3.6,거의 갈릭 탕 맛있습니다 
42,깡통만두,서울 종로구 북촌로2길 5-6,3.9,몇 번 간지 정도 많이 두 시간 아깝지 비빔국수 👍 양념 
43,깡통만두,서울 종로구 북촌로2길 5-6,3.9,비빔국수 만두 맛있습니다 재 방문 있어 영 
44,깡통만두,서울 종로구 북촌로2길 5-6,3.9,장점 맛 깔끔하다 어쩌다 올 만하 단점 가격 양 
45,오죽이네,서울 종로구 돈화문로11가길 25,4.2,
46,오죽이네,서울 종로구 돈화문로11가길 25,4.2,오랫 만 맛있어요 2 호점 있는듯 맛있게 잘 
47,오죽이네,서울 종로구 돈화문로11가길 25,4.2,
48,진진수라 광화문점,서울 종로구 종로5길 7 타워8빌딩 지하 2층 201-206호,3.6,여기 몇번 째 있는데 여러 모로 서비스 최악 요 직원 교육 지도 덕분 앞 진진 수라 일 없어요 
49,진진수라 광화문점,서울 종로구 종로5길 7 타워8빌딩 지하 2층 201-206호,3.6,일단 모임 안내 여직원 불친절 그 모양 그대로 사장 음식 가격 대비 좋치 재 방문 의사 없을 분 많을 것 같아 
50,진진수라 광화문점,서울 종로구 종로5길 7 타워8빌딩 지하 2층 201-206호,3.6,
51,정돈,서울 종로구 대학로9길 12 지하1층,3.8,
52,정돈,서울 종로구 대학로9길 12 지하1층,3.8,근본 
53,정돈,서울 종로구 대학로9길 12 지하1층,3.8,웨이팅 맛있습니다 
54,양연화로 종로직영점,서울 종로구 삼일대로17길 18 1,2층,4.3
55,양연화로 종로직영점,서울 종로구 삼일대로17길 18 1,2층,4.3
56,양연화로 종로직영점,서울 종로구 삼일대로17길 18 1,2층,4.3
57,스태픽스,서울 종로구 사직로9길 22 1층 102호,3.3,경치 좋고 앞 정원 음료 가격 너무 비싼 편입 니 그런 것 음료 맛 엄청 좋은 것 아니고 양 엄청 많은 것 아닙니다 사람 많습니다 날 좋으면 야외 테이블 걸 추천 화장실 깨끗했던 것 같습니다 재 방문 의사 없습니다 
58,스태픽스,서울 종로구 사직로9길 22 1층 102호,3.3,나무 있어서 경치 좋아요 사람 엄청 많고 메뉴 맛 그냥 그래요 
59,스태픽스,서울 종로구 사직로9길 22 1층 102호,3.3,넓고 좋은데 조금 비싸요 
60,아키비스트,서울 종로구 효자로13길 52 1층,3.7,아인 슈페 너 최고 존엄 
61,아키비스트,서울 종로구 효자로13길 52 1층,3.7,흔한 느낌 카페 입니다 
62,아키비스트,서울 종로구 효자로13길 52 1층,3.7,양 해도 아인슈페너 맛있어요 매장 작은 편이 
63,대련집,서울 종로구 종로16길 37,3.6,팩트 체크 2 22.8 20 주말 오전 11시 에 문 여 데 조금 더 일찍 가면 당일 처음 고기 옵니다 맛 있습니다 사진 추가 팩트 체크 대련 종로 아주 유명한 사골 칼국수 집 입니다 보통 2 명 가면 칼국수 두 개 배추 보쌈 소 하나 그리고 칼국수 개 두 개 달라 칼국수 개 양 많은 편 입니다 1 설명 필요 없는 보장 맛 2 종로 20년 회사 생활 종종 20년 전 일 분 들 여전히 자리 있음 거의 가족 같은 분위기 그러나 친족 아닌 듯 3 무채 끝내 줌 
64,대련집,서울 종로구 종로16길 37,3.6,1 보쌈 알 배기 배추 좋지만 수육 양 비계 너무 많아요 시간 좀 기름 굳는답니다 가성 비 많이 2 파전 맛있어요 3 두부김치 최악 입니다 맛 없고 양 비싸요 재료 중 김치 고기 두부 어느 것 하나 제대로 인 게 없어요 4 칼국수 별로 누가 여기 칼국수 맛집 이랬어요 평범한 칼국수 집 맛 없네요 별 두 개 준 이유 옛날 집 분위기 있어요 낡은 옛스러운 분위기 좋아하시면 번 쯤 
65,대련집,서울 종로구 종로16길 37,3.6,보쌈 맛있음 칼국수 2 하나 정도 양 많음 파전 좀 아쉽고 칼국수 인원 수 주심 
66,우육면관 청계천점,서울 종로구 청계천로 75-2,4.5,또 물만두 우육 건물 좁 은 한가지 흠 
67,우육면관 청계천점,서울 종로구 청계천로 75-2,4.5,우육 특이 수교 맛있어요 우육 맛있게 법 그냥 장도 정말 만족하면서 고수 따로 추가 수 있게 점도 좋았습니다 수교 새우 비린 느낌 전혀 없고 탱글탱글한 식 
68,우육면관 청계천점,서울 종로구 청계천로 75-2,4.5,한약재 곰탕 맛 호불호 있을듯 나 불호 특 값 비싸고 김치 같은것도 없고 차라리 곰탕 잘 깍두기 훨씬 
69,대성집,서울 종로구 사직로 5 1층,3.9,때 엄마 수저 입 때 이후 두번째 도가니탕 30년 전 좋았음 도가니탕 당연히 맛있고 김치 깍두기 마늘 짱아 소스 다 맛있음 
70,대성집,서울 종로구 사직로 5 1층,3.9,맛있다 도가니 거의 안나 아예 안 근데 가격 좀 부담 
71,대성집,서울 종로구 사직로 5 1층,3.9,웨이팅 아니면 진짜 자주 텐데 
72,순희네빈대떡,서울 종로구 종로32길 5,2.8,가지 ㅜㅜ 지저분하고 불친절 불쾌한 마음 밥 있는데 쓰레기 봉투 손님 비키 처음 입니다만 맛 있으면 맛집 자부심 부정 적 마음 잔뜩 
73,순희네빈대떡,서울 종로구 종로32길 5,2.8,접 수천 개 음식점 중 단연 최악 진짜 솔직히 말 여기 가면 안됩니다 여기 좋아하는 글 들 진짜 이해 안감 ㅋㅋ 위생 상태 엉망 뒤 자세히 진짜 걸 그냥 더러운 기름 범벅 현금 장사 세금 제대로 안내 것 당연한거고 식 자재 관리 어떻게 가끔 뚜껑 더러운 이물 가득한 막걸리 기도 함 사람 들 조금 여유 있게 술 한잔 다른 손님 또 야하니 빨리 가라 돈 안된다 손님 대놓고 ㅋㅋㅋㅋㅋㅋ 술 손님 술 콸콸 콸 기도 ㅋㅋㅋㅋㅋㅋㅋㅋ 상인 회 컴 플레인 해도 가판 들 등록 안 장사 ㅋㅋㅋㅋㅋㅋㅋㅋㅋㅋㅋㅋ 전통 시장 인정 분위기 그런거 기대하지 ㅋㅋㅋㅋㅋ 그냥 더러운 음식 비싼 가격 팔면 탈세 손님 돈 보고 ㅋㅋㅋ 진짜 돈 환장했나 정도 임 ㅋㅋㅋㅋ 내 돈 기분 느낌 경험 
74,순희네빈대떡,서울 종로구 종로32길 5,2.8,
75,호호식당 대학로점,서울 종로구 대학로9길 35 1층,3.3,돈까스 맛있어요 양 배부르게 먹음 
76,호호식당 대학로점,서울 종로구 대학로9길 35 1층,3.3,
77,호호식당 대학로점,서울 종로구 대학로9길 35 1층,3.3,휴 
78,서린낙지,서울 종로구 종로 19 르메이에르 종로타운 2층,3.0,
79,서린낙지,서울 종로구 종로 19 르메이에르 종로타운 2층,3.0,식당 중 최악 입니다 절대 곳 아닙니다 
80,서린낙지,서울 종로구 종로 19 르메이에르 종로타운 2층,3.0,너무 시끄럽고 뭐 하나 주문 한나절 게다가 과 매워 짐 
81,서촌계단집,서울 종로구 자하문로1길 15 1층,3.1,노로바이러스 ㅋㅋㅋㅋㅋ 
82,서촌계단집,서울 종로구 자하문로1길 15 1층,3.1,대박 여기 장염 휴일 동안 고생 가격 편도 아닌데 위생 신경 
83,서촌계단집,서울 종로구 자하문로1길 15 1층,3.1,웨이팅 좀 그렇고 주말 일찍 1 차 더할 나위 없이 좋음 
84,도마 인사점,서울 종로구 인사동8길 6-1,4.1,갈비 솥밥 된장찌개 맛있어요 건강하면서 맛있는 느낌 
85,도마 인사점,서울 종로구 인사동8길 6-1,4.1,웨이 팅 왜 많은지 이해 완 
86,도마 인사점,서울 종로구 인사동8길 6-1,4.1,다소 시끌벅적하고 대기 한다는 점 감점 요소 가격 대가 낮은건 아니지만 가격 수긍 구성 맛 가점 요소 
87,백제정육점,서울 종로구 종로35길 34,3.5,기대 비 그냥 평범 
88,백제정육점,서울 종로구 종로35길 34,3.5,다른 블로그 유튜브 후기 카카오 맵 평점 가장 정확한거 같다 유명 세 전 가성 비 좋았을지 지금 가격 많이 가성 비도 나쁘고 음식 퀄 그렇다 
89,백제정육점,서울 종로구 종로35길 34,3.5,진짜 너무 너무 시끄러워서 바로 앞 사람 꽥꽥 소리 대화 안 맛있음 
90,차마시는 뜰,서울 종로구 북촌로11나길 26 1층,4.4,날씨 자리 있는데 2 인석 아이 둘 30분 대기 있다 한국 전통 찻집 면서 따뜻한 한국인 정이 없는 차갑게 찻집 
91,차마시는 뜰,서울 종로구 북촌로11나길 26 1층,4.4,정확한 이름 모과 배 뭐 이런 종류 다기 예뻤고 맛 좋았습니다 직원 분 설명 차분하고 친절했습니다 과일 찹쌀떡 좀 아쉬웠습니다 걸 해동 한 데 덜 이 시렸고 나중 물이 그래도 분위기 좋고 차 맛 좋아 다 좋다 마음 시간 사장 님 듯 하 신분 직원 대하 태도 마음 좀 상 직원 분 “ 바쁠 땐 밥 ” 말 ‘ 밥 당한 해당 직원 분 겨울 임 밖 서브웨이 샌드위치 반쪽 걸 목격 직후 저런 말 마음 불편해졌습니다 십여 년전 지금 가끔 곳 직원 분들 소중하게 대해 
92,차마시는 뜰,서울 종로구 북촌로11나길 26 1층,4.4,좋은 곳 
93,육회자매집 본점1호점,서울 종로구 종로 200-4 1층,3.7,육전 좀 질 파 절임 그냥 저 육회 비빔밥 그냥 양념 그닥 맛있진 움 그냥 육회 존맛 탱 많이 좋았당 골뱅이 육회 궁금하긴 한 데더 비싸다 양 더 많으려나 그냥 육회 좀 움 육회 19000원 골뱅이 33000원 다음엔 육회 징 ㅎ 
94,육회자매집 본점1호점,서울 종로구 종로 200-4 1층,3.7,
95,육회자매집 본점1호점,서울 종로구 종로 200-4 1층,3.7,이제 그냥 습관 집 
96,백부장집닭한마리 본관,서울 종로구 삼봉로 100-1,4.3,엄청 그냥 가세 
97,백부장집닭한마리 본관,서울 종로구 삼봉로 100-1,4.3,
98,백부장집닭한마리 본관,서울 종로구 삼봉로 100-1,4.3,닭 국물 칼국수 볶음 죽 분위기 친절 모두 완벽한 제 마음속 닭 한 마리 넘버원 맛집 입니다 👍 
99,포비 광화문점,서울 종로구 종로3길 17 광화문D타워 1층 21호,4.2,베이글 종류 다양하진 딱 깔끔한 종류 들 있는 것 같아 좋다 크림 치즈 맛있고 베이글 쫄깃쫄깃 맛있다 무엇 요즘 보기 드문 커피 값 넓지 매장 많은 손님 포 용하려다 좌석 간의 사이 넓지 점 많이 아쉽다 이 것 직원 분들 모두 친절하시고 다 마음 
100,포비 광화문점,서울 종로구 종로3길 17 광화문D타워 1층 21호,4.2,산미 산미 산미 
101,포비 광화문점,서울 종로구 종로3길 17 광화문D타워 1층 21호,4.2,직원 분들 커피 사랑 함 수 있다 
102,샤오바오우육면 본점,서울 종로구 삼일대로17길 15 1층,3.8,
103,샤오바오우육면 본점,서울 종로구 삼일대로17길 15 1층,3.8,우육 샤오롱빠오 바 로우 굿 
104,샤오바오우육면 본점,서울 종로구 삼일대로17길 15 1층,3.8,마장면 바로 우랑 또 
105,산모퉁이,서울 종로구 백석동길 153,3.2,
106,산모퉁이,서울 종로구 백석동길 153,3.2,뷰 별로 비싸고 주차 안되고 맛 평범 인테리어 별로 
107,산모퉁이,서울 종로구 백석동길 153,3.2,산모퉁이 이름 값 확실히 애매모호했던 관계 느낌표 있는 풍경 커피한잔 물음표 경치 커피 맛 아쉬운 포인트 ■ 총 평 썸 관계 임팩트 한번 때 곳 2 번가 기 글쎄 
108,광화문뚝감,서울 종로구 새문안로3길 21,4.0,요즘 식당 어딜 가나 ㅈㄴ 불친절한 조선족 아줌마 들 문제 임 서비스 기대하고 식당 절대 아니라고 진짜 응대 수준 한참 미만 임 단 순 노동자 로봇 다 대체 함 빨리 일 론 머스크 형 열 일해 
109,광화문뚝감,서울 종로구 새문안로3길 21,4.0,주말 영업 좋 음양 정말 많음 
110,광화문뚝감,서울 종로구 새문안로3길 21,4.0,해장 딱 좋음 
111,테라로사 광화문점,서울 종로구 종로1길 50,3.7,분위기 좋고 넓기도 좋다 거기 빵 팔고 쿠키 판다 다만 음료 맛 보통 다 가격 편도 아니라서 그저 그럼 일찍 여 점 좋은 듯 
112,테라로사 광화문점,서울 종로구 종로1길 50,3.7,비싸고 맛 안남 
113,테라로사 광화문점,서울 종로구 종로1길 50,3.7,
114,오레노라멘 인사점,서울 종로구 율곡로 49-4,4.1,브레이크 타임 마자 바로 웨이팅 없었는데 가면 무조건 웨이 팅 있습니다 제 라멘 중 양은 제일 많았는데 수록 느끼하고 양 많아서 그런지 좀 그래도 한번 쯤 먹기 좋은 맛 그리고 안 있는 닭고기 맛있었어요 
115,오레노라멘 인사점,서울 종로구 율곡로 49-4,4.1,맛있다고 여기 
116,오레노라멘 인사점,서울 종로구 율곡로 49-4,4.1,
117,장군굴보쌈,서울 종로구 수표로20길 22,3.3,너 으 어어 어 무 불친절해요 손님 손짓 띡띡 벨 다섯 번 안 그러면 벨 왜 뉸 안경 여자 사장 직접 규 얘기 바쁘다고 나중 말 하 대놓고 무시 당함 알 배추 더 달라 없다고 함 ㅋㅋㅋㅋㅋㅋ 그게 말 햇 더니 무시 감 다른 아줌마 더 달라 하나 새로 그 없다고 구라 친 아줌마 그 새로 알 배추 우리 앞 한장 입 오물오물 미친 x 돈 노예 취급 추천 옆집 흥부가 더 친절하고 맛 
118,장군굴보쌈,서울 종로구 수표로20길 22,3.3,여기 굴 노로바이러스 식중독 병원 신세 중 입니다 제 동생 따로 살 당일 같이 외식 다음 날 가벼운 설사 증세 있었고 집 간단히 밥 그다음 날 똑같이 정말 한 증상 발현 응급실 다른 병원 같은 진단 명 추적 없이 누가 이 식당 식당 전화해서 깔끔하게 병원 비만 보험 처리 하 자고 자기 식당 생산 물 배상 책임 보험 가입 안되어있고 자기 식당 아닌데 왜 기와 장사 한번 이런 일 없었다고 아픈 저 고래고래 소리 진단 자기 가게 저 아파서 지금 회사 무급 휴가 상태 요 음식 손해배상 금은 바라지 병원 비만 사장 님 전화 위생 소송 끝 정신차리세요 사장 님 소리 아닙니다 
119,장군굴보쌈,서울 종로구 수표로20길 22,3.3,다 좋은데 굴 왜 식초 쳣는 입 안 
120,양반댁,서울 종로구 인사동길 19-18,1.9,절대 가지 별 0 그건 안되네요 맛 너무 없고 양도 엄청 작고 엄청 비싸게 사기 당 느낌 양심 태평양 장사 
121,양반댁,서울 종로구 인사동길 19-18,1.9,
122,양반댁,서울 종로구 인사동길 19-18,1.9,절대 가지 진짜 후회 별하나 아까워요 
123,잘빠진메밀 익선동점,서울 종로구 율곡로8길 73 1층,3.7,
124,잘빠진메밀 익선동점,서울 종로구 율곡로8길 73 1층,3.7,맛없고 가계 비 좁아요 평점 진짜 의문 맛없어 
125,잘빠진메밀 익선동점,서울 종로구 율곡로8길 73 1층,3.7,수 육 한 상 수육 중 9/10 이 비계 절반 못 다 아까워서 이런거 은진 기분 나쁘고 가지 예 정이 네 
126,일품당 광화문점,서울 종로구 세종대로23길 25,3.1,가격 대비 실망 그 차체 입니다 식당 요 
127,일품당 광화문점,서울 종로구 세종대로23길 25,3.1,아 진짜 아닌 듯 불친절하고 이 무슨 맛 인지도 샤브샤브 무슨 맹물 너무 실망 맛 
128,일품당 광화문점,서울 종로구 세종대로23길 25,3.1,일단 가격 등록 달랐고 3 층 안내 위 얼떨떨하게 안 내 9시 전 마감 분위기 길 음식 서빙 영업 시간 저희 가면 마감 함 10시 로 알 눈치 보 최대한 빨리 일품 스키 끼 샤브샤브 스키 맛있었지만 샤브샤브 국물 맛 하나 안나 밍밍 맹물 부 은줄 좀 펄펄 있으니까 그렇게 안된다고 싱거워서 그렇다고 내 같다고 함 진심 그냥 맹맛 솔직히 별로 잘 인사 너무 불친절 곳 단골 어른 들 나 친절한것 같은 곳 서빙 해주시 두 분 중 한 분 너무 불친절했고 1 층 계산 아주머니 너무 친절했음 계산 후 다시 한번 영업 시간 물어 뵀 9시 반이라고 함 그럴거면 시간 
129,소금집 델리 안국,서울 종로구 북촌로4길 19 신영빌딩 1층 103호,3.7,샌드위치 집 중 제일 비싸고 제일 맛있는 집햄 정말 맛있다 매일 통장 거덜날 듯 오늘 스프 추천 두 명 간다 하나 핫샌듸치 하나 콜드 샌듸 치 반 반 것 
130,소금집 델리 안국,서울 종로구 북촌로4길 19 신영빌딩 1층 103호,3.7,맛있네요 잠봉뵈르 추천 
131,소금집 델리 안국,서울 종로구 북촌로4길 19 신영빌딩 1층 103호,3.7,맛있어서 짜증나요 비싼데 또 짜증나요 
132,참치공방 종각본점,서울 종로구 종로9길 8 1층,3.3,확실히 다르긴 맛집 이 그 런가 ㅋㅋㅋㅋ 손님 많고 그만큼 음식 맛 보장 내 일도 또 
133,참치공방 종각본점,서울 종로구 종로9길 8 1층,3.3,고급 진 분위기 참치 특히 신선해서 좋아요 
134,참치공방 종각본점,서울 종로구 종로9길 8 1층,3.3,오랜 만 친구 들 참치 야들야들 하니 좋네요 다음 번 남자친구 구 
135,영춘옥,서울 종로구 돈화문로5가길 13,3.0,맛 가격 청결 그냥 오래된 집 
136,영춘옥,서울 종로구 돈화문로5가길 13,3.0,짱 맛있어요 ㅎㅎ 
137,영춘옥,서울 종로구 돈화문로5가길 13,3.0,종업원 무관심 인지 손님 기색 없지만 진한 곰탕 국물 맛 깊고 구수한 가게 입니다 가격 11 000원 인데 아직 메뉴판 그대로 것 먹거리 식당 운영 깔끔함과는 동떨어졌다는 생각 입니다 
138,몽중헌 안국점,서울 종로구 북촌로 31-22,4.0,딤섬 짬뽕 페럼 타워 점 훨씬 짬뽕 해물 그닥 별로 없고 딤섬 너무 젓가락 밑 죄다 짜장면 안국 점 더 맛있지만 주차 너무 쉬운 공간 임 불구 발렛파킹 3000원 강제 적 결제 데스크 필수 서빙 분도 페럼 타워 점 남자 지배인 분 더 친절하셔서 앞 페럼 타워 점 듯 
139,몽중헌 안국점,서울 종로구 북촌로 31-22,4.0,
140,몽중헌 안국점,서울 종로구 북촌로 31-22,4.0,
141,혜화칼국수,서울 종로구 창경궁로35길 13,3.2,그냥 국수 
142,혜화칼국수,서울 종로구 창경궁로35길 13,3.2,칼국수 생선 튀김 소주 3 병 옆 중국집 금문 난자완스 대학로 코스 
143,혜화칼국수,서울 종로구 창경궁로35길 13,3.2,오랜 만 그 맛 절대 아님 원래 이렇게 맛 없지가 가게 할머니 자식 분 국물 함 다르고 그릇 지금 훨 양도 많았음 바싹 불고기 정말 맛있게 메뉴 지금 그냥 떡갈비 너무 많이 실망해서 속상합니다 예전 그 맛 
144,학림다방,서울 종로구 대학로 119 2층,4.2,고 즈 넉 분위기 너무 좋아요 비엔나 커피 짱 맛 
145,학림다방,서울 종로구 대학로 119 2층,4.2,가끔 씩 비엔나 커피 때 사람 없는 시간 가면 좋습니다 
146,학림다방,서울 종로구 대학로 119 2층,4.2,비엔나 커피 핫 대 존맛 파르페 
147,화목순대국 광화문1호점,서울 종로구 새문안로5길 11,3.9,미슐랭 그 잡채 
148,화목순대국 광화문1호점,서울 종로구 새문안로5길 11,3.9,그냥 말 필요없다 늘 너무 맛있어요 
149,화목순대국 광화문1호점,서울 종로구 새문안로5길 11,3.9,제발 주말 좀 안 
150,광화문한옥집,서울 종로구 새문안로5가길 7 세종클럽 지하 1층,3.1,별 점 왜 낮은지 이해 감 못 정도 아닌데 반찬 좀 더 달라 다 돈 더 내야 추가 비용 있다 소리 함 쌈 개 작은거 두 세 장 씩 더 달라 너무 많이 꼽줌 ㅋㅋㅋㅋ 요즘 물가 생각 이해 정서 상 안 
151,광화문한옥집,서울 종로구 새문안로5가길 7 세종클럽 지하 1층,3.1,평생 이렇게 무성의 처음 입니다 보쌈 족발 시킴 세상 보쌈 고기 그냥 스폰지 정말 푸석하고 질 기고 한참 전 듯 ㅠㅠ 가격 비싼 편이 무 말랭이 달라 쥐꼬리 5천원 ㅋ 음식 너무 맛 없어요 ㅠ 이런 집 광화문 당당히 장사 한다는 게 어이 없네여 푸석한 고기 정말 충격 적임 보쌈 셋트 감자전 막걸리 10만원 ㅎㅎ 맛 더 주 고도 이건 아님 글구 알바 들 지인 들 글 무지하게 역겹네 진짜 
152,광화문한옥집,서울 종로구 새문안로5가길 7 세종클럽 지하 1층,3.1,별하나 아깝고 누가 대도 곳 비싸고 맛없고 불친절하고 외국인 한국 맛 이런건 줄 창피한 곳 메뉴 왜 1 인분 걸 안 
153,자하손만두,서울 종로구 백석동길 12,2.9,별 거 없는 빈대떡 12 000원 만두국 17 000원 이네요맛은 싱거워서 밍밍 한 데 가격 무서웠어요 게다가 날 추 원 데 대 기 인원 많고 위치 편한 곳 아니어서 차 가지 발렛비 2 000원 이나 일이 없을 듯 
154,자하손만두,서울 종로구 백석동길 12,2.9,맛 없으면서 가격 비싸면서 불친절 정말 비 추천 이런 글 처음 
155,자하손만두,서울 종로구 백석동길 12,2.9,조금 더 넉넉한 마음 이면 좋을텐데 
156,체부동잔치집,서울 종로구 자하문로1길 16 1층,3.8,가성 비 대비 맛있어요 들깨 굴전 맛 리다 식 기류 물통이 깨끗하지 참고 분들 참고 
157,체부동잔치집,서울 종로구 자하문로1길 16 1층,3.8,
158,체부동잔치집,서울 종로구 자하문로1길 16 1층,3.8,들깨 칼국수 맛있어요 가성 비 좋은 집 
159,순대실록 대학로본점,서울 종로구 동숭길 127 우성빌딩 2층,4.5,직원 분들 친절하시구 음식 맛있습니다 
160,순대실록 대학로본점,서울 종로구 동숭길 127 우성빌딩 2층,4.5,순 대국 엄청 고급 지고 맛있음 
161,순대실록 대학로본점,서울 종로구 동숭길 127 우성빌딩 2층,4.5,맛 좋아요 👍 
162,갓덴스시 종로점,서울 종로구 종로12길 14,3.6,맛있는데 가격 대가 있습니다 회전 초밥 들 가격 대가 있는 것 들 대부분 종류 한정 있어서 다른 초밥 야해요 다 때 새로운 종류 초밥 회전 대 건 적 없네요 그래서 별 하나 종업원 분들 다 친절하십니다 
163,갓덴스시 종로점,서울 종로구 종로12길 14,3.6,
164,갓덴스시 종로점,서울 종로구 종로12길 14,3.6,항상 웨이 팅 많은 곳 항상 사람 많아서 사람 없는 11시 에 일찍 정말 초밥 맛집 요 웨이 팅 없으면 매번 집 입니다 
165,평양고깃집,서울 종로구 인사동5길 14 2층,4.5,샤브샤브 비쌈 맛있음 친절 꽤괜 
166,평양고깃집,서울 종로구 인사동5길 14 2층,4.5,점심 특선 대박 자극 적 재료 
167,평양고깃집,서울 종로구 인사동5길 14 2층,4.5,반찬 괜찮네요 
168,교대이층집 광화문점,서울 종로구 삼봉로 95,4.1,직원 분 안내 자리 아줌마 직원 자리 반 그 자리 아줌마 표정 저희 다 데 직원 기분 나빴어요 비빔냉면 
169,교대이층집 광화문점,서울 종로구 삼봉로 95,4.1,아이 들 같이 방문 친절하게 좋았습니다 고기 맛있었고요 
170,교대이층집 광화문점,서울 종로구 삼봉로 95,4.1,
171,안주마을,서울 종로구 자하문로1길 3,4.1,내 사랑 안주 마을 
172,안주마을,서울 종로구 자하문로1길 3,4.1,사진 못 사장 님 짱 친절 또 게 
173,안주마을,서울 종로구 자하문로1길 3,4.1,해산물 본연 맛 살림 신선함 바다 머 금은 식당 임명 맨날 사악한 웨이팅 단점 못 맘 가야 함 
174,에베레스트 레스토랑 동대문점,서울 종로구 종로51가길 2-1 2층,4.3,버섯 카레 제발 제발 제발 
175,에베레스트 레스토랑 동대문점,서울 종로구 종로51가길 2-1 2층,4.3,
176,에베레스트 레스토랑 동대문점,서울 종로구 종로51가길 2-1 2층,4.3,지금 커리 중 젤 맛있었다 
177,광장시장통큰누이네육회빈대떡,서울 종로구 동호로 403-24 1,2층,4.3
178,광장시장통큰누이네육회빈대떡,서울 종로구 동호로 403-24 1,2층,4.3
179,광장시장통큰누이네육회빈대떡,서울 종로구 동호로 403-24 1,2층,4.3
180,유진식당,서울 종로구 종로17길 40,3.5,가성 비 좋아요 
181,유진식당,서울 종로구 종로17길 40,3.5,
182,유진식당,서울 종로구 종로17길 40,3.5,
183,프릳츠 원서점,서울 종로구 율곡로 83 1층,3.0,친절하시고 빵 맛있어요 ❤️❤️ 
184,프릳츠 원서점,서울 종로구 율곡로 83 1층,3.0,좌석 수 방문객 많아 대기 시간 것 이해 수 있으나 그 사람 들 이 날씨 하염없이 밖 것 영 마음 안드네 커피 이런 불편 감수 볼 한지 저 의문 입니다 
185,프릳츠 원서점,서울 종로구 율곡로 83 1층,3.0,
186,영화루,서울 종로구 자하문로7길 65,3.1,웨이 팅할 정도 아니어도 가까이 살 땐 종종 고추 간짜장 탕수육 연태 만 
187,영화루,서울 종로구 자하문로7길 65,3.1,양파 많은데 고기 없다 가격 아깝다 
188,영화루,서울 종로구 자하문로7길 65,3.1,물론 입맛 천차만별 하지만 이 돈 이 맛 맛있다고 분 들 혹시 나 당하기 억울하니 너 한번 이 건가 ㅋㅋ 
189,카페 레이어드 안국점,서울 종로구 북촌로2길 2-3,3.0,케이크 스콘 맛있는 편 줄 서서 자리 정도 아님 자리 굉장히 협소 무엇 케이크 빵 들 실외 오픈 공간 좁고 사람 들 곳 있어 위생 적 별로 임 가격 사악한 편 
190,카페 레이어드 안국점,서울 종로구 북촌로2길 2-3,3.0,정말 맛있습니다 커피 맛 깊이 있네요 동행인 들 감탄 비싸긴하네요 
191,카페 레이어드 안국점,서울 종로구 북촌로2길 2-3,3.0,빵 맛있는 게 많습니다 커피 가격 너무 사악합니다 
192,찬양집,서울 종로구 돈화문로11다길 5,3.3,
193,찬양집,서울 종로구 돈화문로11다길 5,3.3,
194,찬양집,서울 종로구 돈화문로11다길 5,3.3,맛있었지만 미슐랭 기대할 정도 아닌 
195,스미스가 좋아하는 한옥,서울 종로구 삼청로 22-7,3.0,가게 예쁘고 평일 점심 한적하고 분위기 너무 좋아요 👍 루꼴 피자 좀 뽀모도 파스타 추천 
196,스미스가 좋아하는 한옥,서울 종로구 삼청로 22-7,3.0,장사 이렇게 직원 관리 제대로 라스트 때 화장실 못 직원 다 청소 있어서 가족 화장실 직원 벌컥 문 청소 도구 뭐 미안하단 말 아무 말 없이 사람 신경 안 본인 청소 도구 결국 옴 이딴 서비스 장사 유지 그냥 
197,스미스가 좋아하는 한옥,서울 종로구 삼청로 22-7,3.0,분위기 좋은 한 옥 맛있게 즐거운 시간 통창 밖 이보 좋았는데 구석 자리 추웠어요 다음 피자 
198,나누미떡볶이 성대본점,서울 종로구 성균관로 9-1,3.1,오랜 만 가격 사악하게 못 ㅋㅋ 근데 떡볶이 오뎅 여기 소스 국물 개발 메뉴 그렇 김밥 순대 덩달아 5000원 으로 이건 진짜 선 ㅋㅋ 김밥 진짜 그냥 다른 분식집 2000원 짜리 기본 김밥 딱 그대 순대 공장 납품 진짜 흔 하디 흔한 순대 여기 다른 비법 있는 것 아닌 평범한 메뉴 다른 곳 몇 천원 씩 더 ㅋㅋ 장사 잘 배짱 영업 하 건가 ㅋㅋ 그리고 여기 오랜 만 시간 변하지 딱 두 가지 있네 간장 지저분한 거 직원 들 불친절한거 ㅋㅋ 
199,나누미떡볶이 성대본점,서울 종로구 성균관로 9-1,3.1,
200,나누미떡볶이 성대본점,서울 종로구 성균관로 9-1,3.1,떡볶이 때 
201,엄용백돼지국밥 종각점,서울 종로구 인사동3길 20,3.5,직원 분들 진짜 불친절하시네요 ㅋㅋㅋㅋ 오랜 만이 이런 식당 ㅋㅋㅋ 대단하시네요 ㅋㅋㅋㅋ 번창 사장 님 명 심하세요 네 ㅋㅋㅋㅋㅋㅋㅋㅋㅋ 
202,엄용백돼지국밥 종각점,서울 종로구 인사동3길 20,3.5,식당 별로 안 그 만이 댓글 같은것도 필요 없는데 꼭 처음 종로 엄용백 때 방문 10회 정도는 방문 가격 비싼 편이 맛 나쁘지 특히 고기 좋았습니다 근데 국밥 가격 만천원 만삼천원 맛없는것도 골 거지 그런데 맛 둘째 직원 들 서비스 정신 한참 오픈 초창 기 직원 들 친절했으나 갈수록 불 진철 해지 네 때 마다 직원 들 안 그림 댓글 중 대다수 직원 들 불친절 논 특히 카운터 안경 남성 분 사장 솔직히 자기장 사장 이면 더 열심히 요즘 유행 인스타 감성 카페 같은 느낌 무슨 대단한 음식 판다 인지 질 불친절 어마 초창 기 물 따뜻한 차 주더 지금 냉수 국밥 양도 웨이 팅 시스템 홀 자리는 텅텅 무조건 밖 인스타 성 카페 저 리가 입니다 마지막 안 그 만인 식당 그래도 장문 글 엄용 백 국밥 종각 점 사장 님 개 같은 기분 오래 
203,엄용백돼지국밥 종각점,서울 종로구 인사동3길 20,3.5,담백한 맛 입니다 메뉴 있는 백반 보고 세번 때 평일 점심 저녁 안된다 못 직원 분들 좀 짜증 나 마감 시간 한 시간 전 도중 옆 계속 식기 소 리나 정리 불편하게 
204,스코프 서촌점,서울 종로구 필운대로5가길 31,4.0,그냥 서 촌 때 반 사적 감모 메뉴 맛있다 매장 것 비 추천 
205,스코프 서촌점,서울 종로구 필운대로5가길 31,4.0,스콘 차갑고 질겨 커피 맛있는 것 아니고 매장 깨끗한 것 아니고 대체 왜 사람 북적 의문 다른 건 위생 신경 쓰시 분 들 
206,스코프 서촌점,서울 종로구 필운대로5가길 31,4.0,매장 디저트 가득 요 미국 유럽 가정 디저트 근데 케익 류 다 완전 달달 다 영국 식 미국 식 아닌가요 단 거 좋으신 분 진짜 맛있겠어요 너무 단 걸 못 용기 없었고 결국 비스킷 기본 스콘 택 맛 괜찮아요 특히 비스킷 한국 많이 적 없었는데 딱 칸 쿠키 같이 그 맛 그 맛 맛있어요 스콘 맛있는 데 많아서 굳이 필요없을 뜻 
207,나무사이로,서울 종로구 사직로8길 21 1층,3.9,손님 콘센트 단 1 개도 허락 의지 좌석 세상 불편 하지만 화이트 크림 맛있다 
208,나무사이로,서울 종로구 사직로8길 21 1층,3.9,
209,나무사이로,서울 종로구 사직로8길 21 1층,3.9,유명한 카페 방문 항상 만족감 있다 일단 커피 맛 만족스러웠으며 카페 개성 수 있었다 억지로 인스타 감성 따위 아닌 자연 시간 자신 무언가 말 그런 면 한 옥 공간 역시 너무나도 화려한 원두 이름 결국 우리 입 커피 컵 더 집중 한다는 느낌 블렌딩 원두 여러 종이 에스프레소 필터 커피 활용 있었다 블렌딩 통해 지속 적 일관 맛 의도 아닐까 생각 한글 이름 블렌딩 간단한 표기 싱글 오리진 원두 역시 감각 적 직관 적 경험 중시 나 생각 일지 
210,오목집 광화문점,서울 종로구 삼봉로 98 1,2층,3.7
211,오목집 광화문점,서울 종로구 삼봉로 98 1,2층,3.7
212,오목집 광화문점,서울 종로구 삼봉로 98 1,2층,3.7
213,어니언 안국점,서울 종로구 계동길 5,3.5,맛집 도배 반신반의 그냥 딱 인스타 맛집 입니다 불향 화유 직접 불향 아니구여 파전 눅눅합니다 바삭 파전 아니네요 광고 줄 너무 재 방문 안 같아요 
214,어니언 안국점,서울 종로구 계동길 5,3.5,
215,어니언 안국점,서울 종로구 계동길 5,3.5,한번 정도 타이밍 웨이 팅 정도 아님 만해 간도 파전 맛있어요 근데 파전 안 순 없고 반 ㅋㅋ 
216,노티드 안국,서울 종로구 북촌로 6-3 1층,3.3,
217,노티드 안국,서울 종로구 북촌로 6-3 1층,3.3,가격 얘기 분 들 그냥 저렴한 곳 친절하고 기본 이상은 고기 집 
218,노티드 안국,서울 종로구 북촌로 6-3 1층,3.3,삼겹살 150 g 16000원 소주 및 맥주 5000원 
219,삼청동수제비,서울 종로구 삼청로 101-1,2.8,웬만하면 방문 음식 음료 사진 편 사진 안 정도 별로 불친절 맛없음 아인슈페너 비싼 가격 불구 이 게뭐 이런 맛 차 종류 지인 마트 레몬 청 맛 하 심 제 핫 플 이 라며 모시 일단 불친절 민망해서 죽 뻔 음료 이어서 밥 음료 그냥 음식 별루 같았는데 후기 제 생각 재 방문 의사 전혀 없구요 
220,삼청동수제비,서울 종로구 삼청로 101-1,2.8,
221,삼청동수제비,서울 종로구 삼청로 101-1,2.8,
222,청진옥,서울 종로구 종로3길 32,2.9,무난 규 카츠 대기 길면 조금 아쉬울 수 있지만 나쁘지 
223,청진옥,서울 종로구 종로3길 32,2.9,다른 지점 많은것만 알 실제 처음 맛있었어요 규 카츠 오므라이스 스테키덮밥 민치 카레 모두 맛있게잘 
224,청진옥,서울 종로구 종로3길 32,2.9,맛있긴 한데 웨이 팅할 정도 아닌 것 같아요 그리고 지하 환기 ㅠ 
225,진옥화할매원조닭한마리 본점,서울 종로구 종로40가길 18,3.4,맛있음 핫플 비싼 거 웨이팅 그렇다 테이블 배치 너무 별로 별 하나 입구 바로 옆 사람 들 사진 너무 치 사진 
226,진옥화할매원조닭한마리 본점,서울 종로구 종로40가길 18,3.4,맛 있는데 가격 너무 비쌈 특히 케이크 천혜향 이드 상큼 케이크 달달 
227,진옥화할매원조닭한마리 본점,서울 종로구 종로40가길 18,3.4,비싸지만 비싼 가치 있어요 ㅜㅜ 너무 멋있었고 분위기 아주 좋았어요 
228,온천집 익선,서울 종로구 돈화문로11나길 31-8 1층,3.5,여기 맛있지 특히 날 선선 때 야장 최고 
229,온천집 익선,서울 종로구 돈화문로11나길 31-8 1층,3.5,대표 님 친절하시고 서비스 좋은데 한가지 아쉬운 점 공중부양 물 갈비 너무 단 아쉽습니다 
230,온천집 익선,서울 종로구 돈화문로11나길 31-8 1층,3.5,사장 님 친절하고 맛 좋고 
231,이문설농탕,서울 종로구 우정국로 38-13 1층,3.0,오늘 라멘 국물 플라스틱 쪼가리 환불 정말 매우 기분 나쁨 가격 라멘 12000원 내부 정신 없고 웨이 팅 길고 차라리 다른 곳 
232,이문설농탕,서울 종로구 우정국로 38-13 1층,3.0,3 번 감 ㅋㅋ 가성 비 그냥 그렇고 가게 덥고 웨이 팅 많음 근데 그거 다 감수 정도 맛 진짜 짐 여기 첨 마제 소바 보고 다른 곳 못 환상 ㅋㅋ 
233,이문설농탕,서울 종로구 우정국로 38-13 1층,3.0,내부 좀 정신 없고 의자 불편한데 맛 진짜 맛있음 맛 
234,안녕인사동,서울 종로구 인사동길 49,4.2,
235,안녕인사동,서울 종로구 인사동길 49,4.2,분위기 너무 좋습니다 ㅎㅎ 맛 온도 분위기 기분 전부 완벽한 하루 네 ㅎㅎ 
236,안녕인사동,서울 종로구 인사동길 49,4.2,분위기 좋고 직원 분들 정말 친절하셔서 맛있게 수 있었습니다 고급스러운 한 옥 분위기 와인 한잔 하니 더없이 좋은 시간 여자친구 정말 좋아하고 다음 또 오자 꼭 약속 양도 많고 맛있는 한 옥 레스토랑 살롱 순 기억 오래 정말 분위기 너무 좋아요 
237,블루보틀 삼청 카페,서울 종로구 북촌로5길 76 1~3층,3.3,1 웨이 팅 대기 시스템 자기 들 맘대로 임분 명 태블릿 대기 어플 예약 있는데 일 여자 분 나이 많음 그냥 막 순서 상관없이 날씨 예약 대기 1 번 그래서 남 남 직원 사과 기분 좋지 못 일 여자 분 나이 있으 심 웨이 팅 온 사람 몇 명 고 좌 식 테이블 그냥 것 목격 함 이런거 웨이 팅 대기 시스템 그냥 무시 자주 있는 일 일지 생각 2 넓은 테이블 식사 있는 손님 그 자리 직원 들 자리겠지 다른 단체 손님 5 명정 도중 달라 요청 함 솔직히 음식 집 선의 손님 들 가게 생각 자리 양보 경우 이미 식사 중인 손님 아무리 정중하게 말 얼굴 이런 경우 또 처음 봄 어디서 경우 없는 서비스 제공 3 난 김치 찜 만족했음 맛음 있음 내 입 살코기 있고 조금 달 편이 음식 대해 선 불만 없음 
238,블루보틀 삼청 카페,서울 종로구 북촌로5길 76 1~3층,3.3,단 맛 좀 훨씬 좋았을 것 같은 김치 찜 그래도 두부 같이 좋았음 리뷰 불친절하다는 평이 많았는데 다행히 그런 일 없었음 웨이 팅 길었지만 만족하고 
239,블루보틀 삼청 카페,서울 종로구 북촌로5길 76 1~3층,3.3,김치 찜 맛있다고 맛 쫌 ᆢ ㅠ 그리고 이 날씨 냉장고 물 따뜻한 물 없냐니까 안 대요 ᆢ ㅎㅎ 이 말 뜨거운 물이 안 아닌가요 재 방문 의사 전혀 없어요 
240,토속촌삼계탕,서울 종로구 자하문로5길 5,3.7,해천 어부 일 분 친절해서 정말 좋았습니다 맛 맛 서비스 좋았습니다 화이트 와인 좋았고 만세 랍 스타 강추 입니다 
241,토속촌삼계탕,서울 종로구 자하문로5길 5,3.7,가계 작고 퀄리티 없지만 음식 퀼리티 좋앗어요 음식 모양 퀄리티 돈 100 값어치 잇엇네 
242,토속촌삼계탕,서울 종로구 자하문로5길 5,3.7,아무리 음식 어차피 죽 식량 유튜브 문어 랍스터 너무 잔혹하게 손질 다 숨 아니고 그냥 몸통 분리 내장 여기 손질 당해 생물 들 
243,광화문미진 본점,서울 종로구 종로 19 르메이에르종로타운 1층 116-2,117호,3.3
244,광화문미진 본점,서울 종로구 종로 19 르메이에르종로타운 1층 116-2,117호,3.3
245,광화문미진 본점,서울 종로구 종로 19 르메이에르종로타운 1층 116-2,117호,3.3
246,황생가칼국수,서울 종로구 북촌로5길 78,3.6,맛있는데 웨이 팅 때문 추위 배부른 상태 식사 함 개인 적 이런 마제 소바 헤비 느낌 커서 그냥 번 걸 만족 
247,황생가칼국수,서울 종로구 북촌로5길 78,3.6,
248,황생가칼국수,서울 종로구 북촌로5길 78,3.6,
249,부촌육회,서울 종로구 종로 200-12,4.4,2021.09 15 마지막 방문 가까운 거리 진옥 화 닭 한 마리 더 유명한 듯 하지만 개인 적 닭 한 마리 선호 두 집 스타일 다소 차이 있는데 뽀얀 시작 육수 소스 파 양배추 진옥 화 맑은 시작 육수 그냥 소스 이 정도 가장 눈 차이점 처음 육수 상태 취향 개인 잭 뽀얀 국물 선호 소스 매가 확실한 우위 있다고 판단 김치 차이 있는데 이 또한 취향 카카오 맵 맛집 추천 지도 https://www.photoguraphy.com/?p=3997 
250,부촌육회,서울 종로구 종로 200-12,4.4,닭 한 마리 늘 좋아하는 메뉴 아이 여기저기 많이 왜 동대문 국물 진짜 진국 시원하고 감칠맛 숟가락 질 없네요 3 대 천왕 맛집 이름 값 사리 종류 별로 다 볶음밥 마무리 깔끔하게 
251,부촌육회,서울 종로구 종로 200-12,4.4,
252,다운타우너 안국,서울 종로구 북촌로 6-4 1층,4.1,역대 급 최악 서비스 진짜 내 이런 서비스 처음 봄 미술 랭 맛집 기대하고 어떻게 미슐랭 맛집 된거 서비스 맛 제대로 확인 안 듯 우선 처음 도착 줄 있길래 이름 있는지 확인 차 내 밖 짜증 내면 내 처음 바쁜가 기분 나빠도 참고 그러고 메뉴 3분 도 안 메뉴 다 정 그러고 2분 정도 수육 고민 있는데 아직도 안 정 갑 궁 시렁 거리 신경질 그 후 음식 우선 음식 싱겁고 맛 음 동네 만둣국 집 더 맛 그래도 옆 테이블 할아버지 들 우리 테이블 수육 맛 봄 그거 달라 직원 손가락 우리 음식 바로 위 우리 계속 이 거 이 거 방해 함 여기 더 빡치고 어이없었음 ㅋㅋㅋㅋㅋ 그 후 물이 너무 뜨거워서 차가운 물 달라 컵 두 개 더 달라 함 근데 컵 안 물 컵 지금 있는거 함 뜨거운 물 다른 컵 달라 또 아니꼬운 듯 줌 ㅋㅌㅋㅋㅋㅋㅋㅋㅋ 아니 이 음식점 서비스 나 진짜 이렇게 적 처음 뎈 ㅋㅋㅋㅋㅋㅋㅋㅌㅌㅋ 여기 가지 마 우리 뿐 아니라 이 날 직원 불평 손님 두 명 아니였음 ㅋㅋㅋㅋㅋㅋ 우리 예민한게 아님 이 날 내 생일 기분 다 잡치곸 ㅋㅋㅌㅌㅌㅌㅌ 아 다시 생각 그렇게 장사 참고 수육 마 별로 임 
253,다운타우너 안국,서울 종로구 북촌로 6-4 1층,4.1,
254,다운타우너 안국,서울 종로구 북촌로 6-4 1층,4.1,친구 5 명 이 링 방문 자리 주문 안 1 인 1 메뉴 웃음 기 싹 얼굴 얘기 주문 전 우리 몇개 주문 어떻게 알 얘 긴지 식사 두부 전골 냄비 빨리 나가야 분위기 엄청 식사 자리 줄 있는게 후딱 일어 게다가 방문 날 날씨 안좋아 빈 테이블 있는데도 그러더라구요 인사동 맛집 손님 많은 것 알 바쁜 시간 빨리 원래 친철함 별로 못 불편함까지는 아니었었는데 이번 방문 시 식사 기분 돟 지인 들 종종 앞 제 개성 만두 궁 안 같아요 
255,이경문순대곱창,서울 종로구 돈화문로11나길 5,3.8,맛있어 ㅠㅠ 술 못 하 데 소주 세잔 정도 맛 
256,이경문순대곱창,서울 종로구 돈화문로11나길 5,3.8,너무 맛있어서 기절 
257,이경문순대곱창,서울 종로구 돈화문로11나길 5,3.8,여기 스타트 날 그냥 끝 간다 
258,차이797 광화문점,서울 종로구 새문안로5길 31 센터포인트 광화문빌딩 2층,3.7,
259,차이797 광화문점,서울 종로구 새문안로5길 31 센터포인트 광화문빌딩 2층,3.7,해물 볶음밥 생쌀임 잡채 밥 간이 삼삼 바 로우 고 기 딱 딱 
260,차이797 광화문점,서울 종로구 새문안로5길 31 센터포인트 광화문빌딩 2층,3.7,데이트 코스 개인 적 표고 딤섬 5 점 짜장 짬뽕 최고 👍 
261,촌놈,서울 종로구 대학로8가길 48 연경빌딩 2층,4.1,위치 달라 1 번 출구 바로 오른쪽 맥도날드 뒷 편 있음 카카오 맵 준 위치 5 번 전화하고 참고 
262,촌놈,서울 종로구 대학로8가길 48 연경빌딩 2층,4.1,젊은 친구 들 친절해서 흐뭇하네요 고기 맛 다 나오니 힘안 들 ㅋ 고사리 김치 치즈 밥 든든함 
263,촌놈,서울 종로구 대학로8가길 48 연경빌딩 2층,4.1,솔직 후기 일단 직원 분들 친절하 심 그리고 음악 시끄러 움 그냥 호프 집 느낌 고기 생각 별로 추천 메뉴 비계 잔득 오래 고기 줌 너무 양 작아서 삼겹살 시킴 엄청 안 1 인분 170 그람 양 비계 70 프로 임왜 비계 엄청 많아 메뉴 특수 부위 아마 부위 같음 비계 덩어리 개비 추임 
264,포비브라이트 광화문점,서울 종로구 새문안로 76 1층,4.2,직원 분들 너무 친절하세요 ㅠㅠ 💖 
265,포비브라이트 광화문점,서울 종로구 새문안로 76 1층,4.2,커피 맛 일품 입니다 베이글 깊은 맛 있어 좋았습니다 자리 널찍하고 모두 들 친절합니다 정성 들 시 다모 향 기 카페 주변 갤러리 많아서 더욱 좋습니다 
266,포비브라이트 광화문점,서울 종로구 새문안로 76 1층,4.2,허니 밀크 베이글 무화과 크림 치즈 플랫 화이트 라떼 환상 조합 ❣️ 맛 힐링 
267,평창동북악정,서울 종로구 평창36길 6,3.8,저 어머님 어르신 들 좋아하셔서 고기 곳 항상 북적 거리 손님 들 많네요 분위기 깔끔하고 손님 들 좋아요 
268,평창동북악정,서울 종로구 평창36길 6,3.8,고기 질겨 서비스 안좋아요 양은 비싸요 직원 고기 노팁 있는데 팁 그런건 아닌가 질 기지 갈비 맛 너무 달 좋아요 냉면 된장찌개 맛있어요 신관 창가 자리 평창동 전망 좋아요 신관 지하 주차장 넓지만 번 회전 건 어렵고 때 차가 해 튱로 좁아서요 
269,평창동북악정,서울 종로구 평창36길 6,3.8,여기 원래 이렇게 맛있었나요 예전 점심 정식 저렴한 걸 로만 그래서 맛 차이 가요 아무튼 맛있게 
270,이층양옥,서울 종로구 돈화문로11나길 28 1,2층,4.1
271,이층양옥,서울 종로구 돈화문로11나길 28 1,2층,4.1
272,이층양옥,서울 종로구 돈화문로11나길 28 1,2층,4.1
273,부산회집,서울 종로구 돈화문로4길 38,4.0,회 지리 미역국 진짜 맜나 
274,부산회집,서울 종로구 돈화문로4길 38,4.0,여자 넷이 모 듬 회중 자 적당히 잘 밑반찬 다른 메뉴 필요없고 미역 지리 미쳤어요 미역 호로록 이 것 별미 없음 근데 네 명 방문 딱인듯 ㅎ 두 명가 가성 비 같아요 
275,부산회집,서울 종로구 돈화문로4길 38,4.0,비싼게 흠 
276,사발,서울 종로구 사직로8길 34 경희궁의아침 3단지 1층 142호,3.5,닭개장 국수 진짜 맛있어요 👍 연어 밥 가격 대비 훈제 연어 평범했고 떡볶이 평범했습니다 그런데 분위기 좋고 에피타이저 호박죽 반찬 들 맛있어서 닭개장 국수 엄청 분 닭개장 국수 강력 추천 이 
277,사발,서울 종로구 사직로8길 34 경희궁의아침 3단지 1층 142호,3.5,분위기 인테리어 좋아요 근데 좀 어수선해요 
278,사발,서울 종로구 사직로8길 34 경희궁의아침 3단지 1층 142호,3.5,
279,청수정,서울 종로구 삼청로 91,3.3,바닷가 식당 홍합 가득하고 농가 식당 나물 반찬 가득합니다 이 가격 집 이렇게 못 맛있게 
280,청수정,서울 종로구 삼청로 91,3.3,유명하다고 청와대 깔끔하고 맛있네요 옛날 분위기 수 있었네요 어른 들 모시 가기 좋았어요 부모님 좋아하셔서 다음 또 정식 가장 맛있고 비빔밥 홍합 밥 특이하더라구요 근데 좌 식 다리 아팠어요 ㅜㅜ 그거 음식 맛있었어요 
281,청수정,서울 종로구 삼청로 91,3.3,일단 깨끗해서 때 기분 좋았습니다 정갈한 음식 고소한 홍합 밥 어르신 두 분과 같이 식사 너무 좋았습니다 만약 제 다시 어르신 모시 간다 정식 파전 주문 
282,인사동수제비,서울 종로구 인사동8길 14-1,4.1,굴 안 좋아하는 사람 파전 좋아할듯 굴 수제비 솔직히 시장 수제비 그 이상 이하 아님 근처 수제비 처럼 감자 바지락 기대하면 안됨 
283,인사동수제비,서울 종로구 인사동8길 14-1,4.1,들깨 얼 수제비 파전 딱이에요 최애 수 제비집 👍🏻 
284,인사동수제비,서울 종로구 인사동8길 14-1,4.1,매년 점점 맛 ㅠ 3년 전 쯤 파전 겉 바삭 속 포실포실 정말 맛있었음 들깨 수제비 진득 짐 그 자체 근데 이제 미적지근하고 속도 덜 파전 🥲 들깨 국물 묽고 연해 짐 간도 좀 참고 매콤 수제비 정말 ⭐️ 
285,개뿔,서울 종로구 낙산성곽서1길 26 1,2층,4.0
286,개뿔,서울 종로구 낙산성곽서1길 26 1,2층,4.0
287,개뿔,서울 종로구 낙산성곽서1길 26 1,2층,4.0
288,도트블랭킷,서울 종로구 윤보선길 22 1층,4.2,새우 중국 식 양념 양념 더 맛있게 과카 몰리 같이 깔끔하게 느낌 오픈 런 해도 웨이팅 있는거 같으니 10분 전 쯤 추천 
289,도트블랭킷,서울 종로구 윤보선길 22 1층,4.2,최근 브런치 중 체고 체고 
290,도트블랭킷,서울 종로구 윤보선길 22 1층,4.2,불금 저녁 자리 많더라구요 음료 안 파스타 샐러드 진짜 맛있었어요 친구 아보카도 베이컨 샌드위치 입 접시 뻔했네요 
291,이태리재,서울 종로구 율곡로1길 74-9 1층,3.5,전반 적 다 맛있는 편 
292,이태리재,서울 종로구 율곡로1길 74-9 1층,3.5,
293,이태리재,서울 종로구 율곡로1길 74-9 1층,3.5,
294,버거파크 혜화점,서울 종로구 대학로11길 5 1층,4.4,버거 상당히 맛있다 녹진한 치즈 부드러운 패티 최고 조합 많은 수 제 버거 집 들 중 꽤 괜찮은 듯 
295,버거파크 혜화점,서울 종로구 대학로11길 5 1층,4.4,
296,버거파크 혜화점,서울 종로구 대학로11길 5 1층,4.4,햄버거 안 좋았습니다 맛 평균 이 상이 네 
297,호반,서울 종로구 삼일대로26길 20 1층,4.0,영원한 내 사랑 더 더 사랑 텐데 
298,호반,서울 종로구 삼일대로26길 20 1층,4.0,소주 및 맥주 5000원 
299,호반,서울 종로구 삼일대로26길 20 1층,4.0,
300,육회자매집 종로3호점,서울 종로구 종로 208 1,2층 201,203
301,육회자매집 종로3호점,서울 종로구 종로 208 1,2층 201,203
302,육회자매집 종로3호점,서울 종로구 종로 208 1,2층 201,203
303,들풀건강한밥상 청운동점,서울 종로구 자하문로 118,3.3,최고 맛집 
304,들풀건강한밥상 청운동점,서울 종로구 자하문로 118,3.3,반찬 하나 하나 정성 듯 촉촉하고 맛있어요 돌솥밥 맛있구 주차 완벽하면 좋은데 종로구 이해해 듯또 곳 ♡ 
305,들풀건강한밥상 청운동점,서울 종로구 자하문로 118,3.3,서울 송이 솥밥 가성 비 괜찮은 건강한 밥상 모든 반찬 들 맛있고 역쉬 조미료 안 진정한 순수 맛집 ♡ 다만 예약 주차 미흡하네요 
306,편안한집,서울 종로구 북촌로 133,3.6,깔끔하고 맛있네요 근데 음식 너무 빨리 
307,편안한집,서울 종로구 북촌로 133,3.6,둘 난향 1 인 3만원 없다는 부실 
308,편안한집,서울 종로구 북촌로 133,3.6,
309,더키친750,서울 종로구 대학로8가길 80 2층,4.1,음식 조금 맛있었어요 오픈 런 키 오스 기능 좋고 직원 분들 친절하셨어요 
310,더키친750,서울 종로구 대학로8가길 80 2층,4.1,
311,더키친750,서울 종로구 대학로8가길 80 2층,4.1,
312,명동닭한마리 본점,서울 종로구 종로40가길 14,4.1,맛 있는데 직원 왜케 불친절한지 그리고 부추 다 옆 냅다 정리 좀 아니라고 저희 마감 시 간전 아니고 오후 6~7시 사이 ㅋㅋㅋㅋ 어이 없었네요 
313,명동닭한마리 본점,서울 종로구 종로40가길 14,4.1,닭 한 마리 국물 깔끔하고 맛있어요 칼국수 칼국수 꼭 함 면 적당히 얇고 쫄깃해 맛있슴다 
314,명동닭한마리 본점,서울 종로구 종로40가길 14,4.1,맛있었어요 칼국수 특히 맛있네요 
315,박순례손말이고기 산정집 광화문점,서울 종로구 새문안로5가길 3-10 선덕빌딩 2층,2.9,흑 흑 ㅜ 허탕 
316,박순례손말이고기 산정집 광화문점,서울 종로구 새문안로5가길 3-10 선덕빌딩 2층,2.9,둘이서 3 인분 찌 클리어 채소 즙 향 맛 완전 완벽함 찌개 좀 고기 비 그냥 그냥 맛 하지만 다시 가면 또 찌개 듯 ㅋㅋㅋ 아무튼 개존맛 ㅜ ❤️ 
317,박순례손말이고기 산정집 광화문점,서울 종로구 새문안로5가길 3-10 선덕빌딩 2층,2.9,고기 좀 같은데 맛있게 잘 달달 불고기 맛임 된장찌개 편 그래서 같이 먹기 좋다 서버 분들 친절하 심 재 방문 목요일 다섯시 방문 3 번 째 입장 함 5 점 좀 아쉽지만 2 점 대 아니지 
318,은성횟집,서울 종로구 창경궁로 88 광장시장 45-1호,3.3,대구 탕 맛집 어수선하고 삼각지 대 구 탕집 비교 가성 좋은데 아쉬움 
319,은성횟집,서울 종로구 창경궁로 88 광장시장 45-1호,3.3,광장시장 가면 항상 알탕 입니다 짝수 주문 2 인분 4 인분 가능하며 알 고니 많아서 좋습니다 1 가성 비 좋음 2 알 고니 많고 맛 무난 히 맛있습니다 주말 웨이 팅 하 곳 추천 
320,은성횟집,서울 종로구 창경궁로 88 광장시장 45-1호,3.3,광장시장 길 바닥 자고 여기 술 없음 
321,창화당 익선동점,서울 종로구 수표로28길 23,3.4,로 제 떡볶기 너무 맛있어요 
322,창화당 익선동점,서울 종로구 수표로28길 23,3.4,갈비 만두 진짜진짜 맛있음 
323,창화당 익선동점,서울 종로구 수표로28길 23,3.4,익선동 있기까지 창 화 당 역할 정말 지짐 만두 떡볶이 조합 매번 맛 입니다 다만 만두 구성 트러플 만두 제일 아쉽고 떡볶이 쫄면 같이 끝내주는 창 화 당 입니다 
324,하림각,서울 종로구 자하문로 255 1층,3.2,여기 진짜 맛있는데 중식 당 많이 가족 식사 좋고 오렌지 크림 새우 대 존맛 입니다 꼭 아 굴탕 면도 
325,하림각,서울 종로구 자하문로 255 1층,3.2,과 가격 터 무니 없는 맛 양 
326,하림각,서울 종로구 자하문로 255 1층,3.2,느끼해요 
327,원조누드김밥,서울 종로구 창경궁로 88 광장시장 41호,3.9,
328,원조누드김밥,서울 종로구 창경궁로 88 광장시장 41호,3.9,이 가격 이 정도 만족합니다 
329,원조누드김밥,서울 종로구 창경궁로 88 광장시장 41호,3.9,가성 비 중요함 정신없이 비위생적 곳 상관없다 그럼 추천 
330,공평동꼼장어 본점,서울 종로구 우정국로 29,3.4,1 차 백부 장집 2 차 공평동 꼼장어 입지 그냥 국가 정 룰 
331,공평동꼼장어 본점,서울 종로구 우정국로 29,3.4,
332,공평동꼼장어 본점,서울 종로구 우정국로 29,3.4,
333,종로설렁탕,서울 종로구 종로 110,2.7,모 리뷰 평 사장 님 여자 분 좀 퉁 명 느낌 불편할 정돈 아닌듯 일 분 들 좀 많이 바쁜 느낌 테이블 위생 상태 신경 으 ᆢ 고추 가루 찌꺼기 ᆢ 이 물질 등 ᆢ 좀 그랬음 티슈 두 번 ㅠㅠ 개인 생각 금액 좀 다운 양 좀줄여도 좋을듯 너무 많음 김치 깍두기 설렁탕 집 맛 그 닥 듯 ᆢ 오징어 젓 맛있음 ㅎㅎ 3~4 명가 먹기 가성 좋을듯 한 집 
334,종로설렁탕,서울 종로구 종로 110,2.7,모듬수육전골 기대 
335,종로설렁탕,서울 종로구 종로 110,2.7,맛 좋음 돈 없는 ♪♬♬♩ 고기 없다고 임 별 점 테러 놈 들 휴 ㅉㅉ 괜히 걱정 맛없을까봐 너무 맛 먹음 
336,부암동스코프,서울 종로구 창의문로 149 1층,4.0,워낙 유명해서 특별할 것 없는 맛 실망했습니다 그래도 번 쯤 해 
337,부암동스코프,서울 종로구 창의문로 149 1층,4.0,
338,부암동스코프,서울 종로구 창의문로 149 1층,4.0,이 동네 살 때 자주 빵집 빵 그다지 좋아하지 습관 
339,한일관 광화문점,서울 종로구 종로1길 50 더케이트윈타워 A동 지하1층,3.2,
340,한일관 광화문점,서울 종로구 종로1길 50 더케이트윈타워 A동 지하1층,3.2,가성 비 창렬 근데 맛 좋음 우두머리 들 머 비싼 거 때 가기 좋음 
341,한일관 광화문점,서울 종로구 종로1길 50 더케이트윈타워 A동 지하1층,3.2,
342,청계천휴,서울 종로구 청계천로 71 계원빌딩 1층,2.7,무례함의 끝판 왕 화장실 때 때 다르다고 손님 그냥 호구 봄 기분 나쁜 경험 가세 
343,청계천휴,서울 종로구 청계천로 71 계원빌딩 1층,2.7,무례한건 그렇다 맛 좋으면 좋은 기억 음식 양도 다른 곳 전부 비싸게 느낌 너무 가성 비 별로 그리고 사람 무시 느낌 안 
344,청계천휴,서울 종로구 청계천로 71 계원빌딩 1층,2.7,만족 스포츠 경기 있는 날 가면 좋은 곳 안주 맛있다 
345,천하보쌈,서울 종로구 창덕궁1길 8 천하보쌈,4.2,굴 보쌈 맛있고 반찬 맛있는데 친절하시기까지 하니 인생 보쌈 집 부족함 없습니다 
346,천하보쌈,서울 종로구 창덕궁1길 8 천하보쌈,4.2,고기 야들야들하구 반찬 맛 
347,천하보쌈,서울 종로구 창덕궁1길 8 천하보쌈,4.2,Very Unpleasant experience 친구 외국인 한국 음식 소개 간 건데 민망하고 미안할 정도 불친절했습니다 남자 직원 들 가게 안 아무 주문 안 본체 체 계속 접시 탕탕 너무 불친절해서 눈치 직접 앞 접시 무뢰한 같은 태도 무엇 외국인 친구 우리 뭐 잘못 거 있냐고 정도 엄청난 서비스 게 아니라 기본 적 매너 말 거 불쾌한 경험 
348,남대문막내회집 광교점,서울 종로구 우정국로 4-1,4.0,맛집 회 두껍고 같이 음식 이 걍 대박 임 
349,남대문막내회집 광교점,서울 종로구 우정국로 4-1,4.0,대 방어 하니 방어 부족해서 모듬 방어 온 거 그냥 대 방어 주문 가능한지 주방 확인 후 수량 부족하니 그냥 모듬 양 크게 부족하진 막내 회집 특유 두툼 식 괜찮았지만 사진 모두 한번 보시 중간 빡쳐서 사진 거 양 상태 확인 대체 어느 회집 방어 주문 저런 수준 회 겁 기존 리뷰 뒤늦게 확인 제 잘 못 ㅜㅜ 위생 분위기 그냥 회감 자체 기본 적 퀄리티 대해 만 논 정말 아닌거 같습니다 이럴거면 아예 방어 주문 
350,남대문막내회집 광교점,서울 종로구 우정국로 4-1,4.0,방어 포함 75 000 원 맛 없고 양도 ㅠ 몇 젓가락 
351,종로찌개마을,서울 종로구 삼일대로30길 10-4,3.2,맛있어요 보기 안 엄청 꼬소 밥 반찬 술안주 도 좋은 맛 입니다 인스타 유명한 집 그런지 5시 쯤 때 이미 앞 2 n 팀 있었고 사장 님 너무 바쁘고 힘들어서 혼 
352,종로찌개마을,서울 종로구 삼일대로30길 10-4,3.2,영업 시간 왜 정 재료 준비 안되었다고 12시 에 오라 기분 나빠서 
353,종로찌개마을,서울 종로구 삼일대로30길 10-4,3.2,젊은 남자 사장 너무 싸가지 없음 손님 뭐 암 맛 안감 
354,창신동매운족발 본점,서울 종로구 종로51길 23,3.7,늘 미리 전화 주문 포장 있는데 주문 외국인 여자 분 정말 의사소통 너무 잘 친절하세 요가 성비 너무 좋고 맛있어서 족발 때 
355,창신동매운족발 본점,서울 종로구 종로51길 23,3.7,매우 맛있음 엄청 엄청 아님 위생 많이 안좋음 
356,창신동매운족발 본점,서울 종로구 종로51길 23,3.7,평타 침 일부러 정도 아니지만 안나 충분히 맛있음 
357,도토리브라더스,서울 종로구 경희궁길 41 1층,3.5,
358,도토리브라더스,서울 종로구 경희궁길 41 1층,3.5,맛 가격 비싸긴한데 맛 있어요 
359,도토리브라더스,서울 종로구 경희궁길 41 1층,3.5,시금치 파스타 괜찮아요 대창 밥 가격 맛 아쉬웠어요 분위기 좋아서 데이트 코스 좋을거 같아요 
360,하나로회관,서울 종로구 인사동5길 25 하나로빌딩 지하1층,4.0,맛있는 한정식 집 때 꼭 곳 친구 들 정기 적 곳 항상 변함 없는 맛 정갈한 뒷맛 기분 좋은 집 갈비찜 잡채 샐러드 등 고루 고루 만족도 높은 집 
361,하나로회관,서울 종로구 인사동5길 25 하나로빌딩 지하1층,4.0,갈비찜 방문 식사 후 바로 리뷰 깜박 이제 음식 맛 전체 적 깔끔하고 자극 적 좋았어요 다만 대식 가인 저희 양 조금 ㅠㅠ 메인 메뉴 있고 사이드 있는 개념 여러가지 음식 조금씩 구조 메인 정 한가지 집중 더 좋을거 같아요 3 번 식사 준비 반찬 밥 같이 조금 더 든든했을듯 한데 3 번째 상차림 때 약간 아쉬웠어요 그리고 후식 주신 식혜 정말 맛있는데 저희 그날 식혜 맛 조금 ㅠ 그래도 맛있다고 생각 따로 식혜 맛 그날 약간 문제 있었나 방 따로 조용히 식사 수 있는게 최고 장점 요 시끄러운거 싫어하고 조곤조곤 대화 스타일 딱 안성맞춤 혹시 아쉬웠던 부분 개선 재 방문 의사 백프롭니 
362,하나로회관,서울 종로구 인사동5길 25 하나로빌딩 지하1층,4.0,얼마 전 미국 사촌오빠 부부 평소 맛있고 가성 비 최고 생각 하나로 회관 귀한 손님 부족함 없이 대접 마음 전달 것 정말 흡족한 식사 하나 하나 다 맛 좋고 다른 곳 맛보기 어려운 다양한 메뉴 두 분 마음 샐러드 또한 산뜻한 맛 그 곳 모시 고간 나 거듭 감사 말씀 전 다그 몇 주 전 입양 기관 봉사 알 미국 입양 분 때 하나로 회관 감사 말 귀한 손님 함께 하나로 회관 그 때 마다 만족 식사 발걸음 가벼웠다 
363,프리모바치오바치 대학로점,서울 종로구 대학로10길 5 2층,3.9,그건 그렇고 올리브 봉골레 집 그냥 내 똑같습니다 봉골레 맛 평균 이하 입니다 간이 안 국물 스크루 지로 면 국물 비율 10 1 도 안 옆 자리 사람 빠 소스 너무 소스 더 달라 그랬더니 남자 알바 분 요리 시간 좀 근데 말투 진짜 요리 시간 소스 굳이 더 그럼 감수 이런 느낌 옆 그냥 내 느낌 임 바빠서 대충 빨리 그렇게 말 저 면 많이 안 국물 더 달 안 어차피 맛 없어서 아무튼 돈 아까웠어요 후기 보 후식 주시 것 같던데 당시 아무 말 안 아무 것 안 2022.11 10 목 오후 1시 경 방문 
364,프리모바치오바치 대학로점,서울 종로구 대학로10길 5 2층,3.9,빠네 역시 프리 모 바치 오 바치 🤤 
365,프리모바치오바치 대학로점,서울 종로구 대학로10길 5 2층,3.9,
366,하이디라오 대학로점,서울 종로구 대학로 146 3층,3.9,하이디 다른 지점 여기 서비스 그렇고 훨씬 더 괜찮았음 다음 번 가도 여기 
367,하이디라오 대학로점,서울 종로구 대학로 146 3층,3.9,맛 뭐 말 뭐해 굉장히 맛있고 서비스 좋고 가격 조금 높지만 저 그만 압도 적 맛있다고 생각 너무 거부 감 중국 맛 아니고 백탕 그냥 육수 좋을 정도 좋아요 단점 딱 하나 제 좋아하는 마장 소스 없다 주 기적 재 방문 맛 새 우완 자 꼭꼭 
368,하이디라오 대학로점,서울 종로구 대학로 146 3층,3.9,둘이서 배부르게 4만원 정도 비싸지만 맛 좋았음 
369,VIP참치 종로점,서울 종로구 삼일대로15길 25 2층,4.3,VIP 참치 30년 단골 입니다 여러 참치 체인점 중 동원 VIP 참치 독보 적 이 라면 을지로 본점 종로 점 코리아나 호텔 점 프레지던트 호텔 점 서소문 점 다 사람 최근 1 2년 은 단연 종로 점 최 곱니다 특히 특별 서비스 듯 김진영 말빨 일품 입니다 그날 그날 분위기 호불호 있을지라도 전체 적 최고 참치 집 입니다 
370,VIP참치 종로점,서울 종로구 삼일대로15길 25 2층,4.3,제 참치 집 중 단연 최고 여자친구 저 굉장히 맛있게 맛 맛 계속 더 모습 감동 권승용 부장 님 문영길 실장 님 감사 다음 가족 함께 방문 
371,VIP참치 종로점,서울 종로구 삼일대로15길 25 2층,4.3,지난 12일 룸 16시 30분 예약 일품 코스 2 번 참다랑어 70% 활 어 30% 로 주문 술 준마 이 월계관 세 병 맛있고 깔끔한 상차림 친절하신 직원 분들 손님 들 전부 흡족해하셔서 좋았습니다 리필 두 번 덕분 참치 로만 배 호강 과장 님 서비스 음료 산낙지 굴 정말 감사히 일행 분들 모두 배불러하셔서 점 죄송할 다음 모임 재 방문 의사 있습니다 단점 일 굳 이 꼽자 습해서 그랬는지 에어컨 조금 더웠던 점 아쉽긴 모든 점 만족스러웠습니다 
372,잘빠진메밀 서촌점,서울 종로구 자하문로11길 4 1, 2층,3.4
373,잘빠진메밀 서촌점,서울 종로구 자하문로11길 4 1, 2층,3.4
374,잘빠진메밀 서촌점,서울 종로구 자하문로11길 4 1, 2층,3.4
375,뽐모도로,서울 종로구 새문안로9길 19-1 일선빌딩 1층,3.4,양도 많고 추억 맛 맛있어요 🙂 
376,뽐모도로,서울 종로구 새문안로9길 19-1 일선빌딩 1층,3.4,옛날 파스타 맛 내공 일단 양 굉장히 많고 양 많이 달라 더 주심 다른 곳 비 2 인분 듯 새우 꼬리 다 섬세함과 해감 잘 조개 재료 손질 정성 주방 굉장히 협 소한 데 요리사 네 분 말 한마디 없이 합 너무 대단한듯 여 잘 
377,뽐모도로,서울 종로구 새문안로9길 19-1 일선빌딩 1층,3.4,조용한 레스토랑 아니지만 맛 좋고 또 집 
378,묘미,서울 종로구 율곡로 83 5층,1.1,Wow 대단하십니다 
379,묘미,서울 종로구 율곡로 83 5층,1.1,
380,묘미,서울 종로구 율곡로 83 5층,1.1,
381,반쥴,서울 종로구 삼일대로17길 23 3~5층,4.1,반쥴 반하는 쥴 
382,반쥴,서울 종로구 삼일대로17길 23 3~5층,4.1,너무 느리고 비싸다 
383,반쥴,서울 종로구 삼일대로17길 23 3~5층,4.1,종각 가기 좋아요 밀크 티 추천 
384,광주집,서울 종로구 돈화문로11나길 3,2.2,
385,광주집,서울 종로구 돈화문로11나길 3,2.2,양념 안 생 갈매기살 맛 괜찮다 번 쯤 볼 만 함 
386,광주집,서울 종로구 돈화문로11나길 3,2.2,웨이 팅할 정도 아님 
387,대장장이화덕피자,서울 종로구 북촌로 42-4,3.8,샐러드 피자 파스타 모두 맛있어요 
388,대장장이화덕피자,서울 종로구 북촌로 42-4,3.8,파스타 그저 그렇고 샐러드 피자 이 동네 가격 이상 것 같다 파스타 별로 
389,대장장이화덕피자,서울 종로구 북촌로 42-4,3.8,매번 브레이크 타임 1시간 이내 대기 리코 타 샐러드 맛있어서 그 값어치 
390,디마떼오 대학로점,서울 종로구 동숭길 29,3.4,맥주 플래터 제일 맛있음 
391,디마떼오 대학로점,서울 종로구 동숭길 29,3.4,
392,디마떼오 대학로점,서울 종로구 동숭길 29,3.4,
393,뚝배기집,서울 종로구 종로16길 12,4.2,13년 전이나 지금 한결같은 그 맛 
394,뚝배기집,서울 종로구 종로16길 12,4.2,이 맛 
395,뚝배기집,서울 종로구 종로16길 12,4.2,모두 그 맛 밥 반찬 비빔밥 옆 고추장 있음 근데 가격 미쳤음 
396,석파랑,서울 종로구 자하문로 309,2.8,상견례 때문 방문 상견례 자리 말 불구 양옆 돌잔치 배치 멋진 센스 불친절한 서버 들 코스 임 불구 메뉴 설명 없는 점 심지어 비 많이 가게 안 비 다 돗 대기 시장 마냥 직원 들 우왕좌왕 한 거 여러분 풍경 좋은 한정식 집 많고 이 가격 훨 저렴하고 맛있는 코스 많으니 다른 곳 가세 제발 정말 환불 마음 한 가득 그냥 상견례 좋은 분위기 값 생각 
397,석파랑,서울 종로구 자하문로 309,2.8,발렛파킹 안경 아저씨 불친절 사람 말 무시 인성 바닥 사람 
398,석파랑,서울 종로구 자하문로 309,2.8,11만원 코스 납득 안 퀄리티 그렇다고 룸 고급스러운것도 아니고 상견례 신경 달라 예약 테이블 염병 다 낡아서 구멍 오염 음식 퀄리티 별로 적정 가격 딱 6만원 이 의견 동감 상견례 때 너무 실망 저 6만원 도 아깝다는 의견 요 
399,슬로우파크,서울 종로구 삼청로 141 1층,4.2,사실 음식 맛 그냥 그랬고 나라 카페 미 유명하고 알 사람 들 다 알 엄청 간다 음 조금 느낌 그래도 나 가게 느낌 몬지알 
400,슬로우파크,서울 종로구 삼청로 141 1층,4.2,파스타 피자 와플 최고 
401,슬로우파크,서울 종로구 삼청로 141 1층,4.2,
402,후니도니,서울 종로구 종로 19 르메이르종로타운 지하1층,4.5,튀김 넘사벽 
403,후니도니,서울 종로구 종로 19 르메이르종로타운 지하1층,4.5,예쁘고 맛있어 치즈 쭈욱 게 아니라 좌르륵 염분 끼 없어서 치즈 돈까스 그래도 돈까스 양 많고 직원 분들 친절하셨어요 
404,후니도니,서울 종로구 종로 19 르메이르종로타운 지하1층,4.5,돈까츠 양도 많고 맛 요 
405,깔리,서울 종로구 대학로11길 43 2층,4.2,탄두리치킨 뻑뻑 촉촉해서 좋았어요 커리 난도 따뜻하고 맛있었고 라씨 무난 맛있었어요 라씨 다른 맛 있는지 그냥 일반 적 맛 다른 테이블 딸기 맛 같은 다른 맛 있는 것 같았어요 직원 분들 친절하시고 인도 음악 발리우드 영화 계속 즐거운 식사 
406,깔리,서울 종로구 대학로11길 43 2층,4.2,인정 대학로 맛집 인 커리 데이트 코스 카레 라씨 탄두리치킨 칠리 새우 
407,깔리,서울 종로구 대학로11길 43 2층,4.2,인도 커리 최고 맛집 
408,대성식당,서울 종로구 종로26길 14-3,3.7,양도 적당하고 맛있어용 메인 반찬 들 다 조금 간이 싫으시면 유의 우동 사리 잘 
409,대성식당,서울 종로구 종로26길 14-3,3.7,
410,대성식당,서울 종로구 종로26길 14-3,3.7,
411,소소한풍경,서울 종로구 자하문로40길 75,3.6,너무 친절하시고 음식 맛있었습니다 도착 배려 
412,소소한풍경,서울 종로구 자하문로40길 75,3.6,가지 요리 강추 모든 음식 맛있고 아늑한 분위기 츤대레 사장 님 식당 
413,소소한풍경,서울 종로구 자하문로40길 75,3.6,
414,박가네빈대떡,서울 종로구 종로32길 7 광장시장,3.6,빈대떡 육전 마약 김밥 사이다 주문 맛있게 집 때 빈대떡 포장 빈대떡 바삭 고소해서 맛있어요 많이 박 한번 다 주문 좋았어요 양파 절임 양파 느끼함도 엄청 맛있어서 계속 다음 빈대떡 포장 빈대떡 에프 양파 절임 맛있게 포장 시 양파 절임 사모님 넉넉하게 부족하지 
415,박가네빈대떡,서울 종로구 종로32길 7 광장시장,3.6,👍 광장시장 때 집 가성 비 좋고 다양한 메뉴 있는데 모든 메뉴 다 평균 이상 사장 님 친절하다 👎 평일 사람 바글바글 한 데 가게 아마 광장시장 중 제일 듯 3 층 있으니 좁고 답답한 실내 테이블 다닥다닥 좀 많이 불편했다 
416,박가네빈대떡,서울 종로구 종로32길 7 광장시장,3.6,순 ㅎ 네 갈바 이 곳 낫다 2 층 편하게 웨이 팅 없이 맛 광장시장 빈대떡 다 똑같다 
417,흥부가,서울 종로구 수표로20길 22,4.1,맛있긴 한데 양 사진 굴 보쌈 대자 3 명 이서 함술 안 눈치 ㅈㄴ 줌 뭔 술집 아니면서 술 각자 사정 있어서 술 못 상황 1시간 안 밥 근 데 술 안 계산 때 또 꼽 줌 어휴 돈 환장했나 
418,흥부가,서울 종로구 수표로20길 22,4.1,최악 임 노로 바이러스 다른 사람 들 전화했더니 다른 사람 들 줄 알 착각 함 미안하다는 말 안 개극혐 절대 안 간다 진짜 
419,흥부가,서울 종로구 수표로20길 22,4.1,맛있고 양 많음 굿굿 
420,김진목삼,서울 종로구 자하문로1길 51 1층,4.6,맛 좋고 직원 분들 매우 친절 가게 웨이팅 길 목살 삼겹살 그저 맛있는 집 
421,김진목삼,서울 종로구 자하문로1길 51 1층,4.6,고기 엄청 맛 직원 분 너무 친절하시고 잘생기셨어요 키 작고 하얀 직원 분 매일 집 
422,김진목삼,서울 종로구 자하문로1길 51 1층,4.6,
